{
  "zephyrhills-west": "Zephyrhills West, FL",
  "zephyrhills-south": "Zephyrhills South, FL",
  "zephyrhills": "Zephyrhills, FL",
  "yulee": "Yulee, FL",
  "yukon": "Yukon, FL",
  "youngstown": "Youngstown, FL",
  "york": "York, FL",
  "wright": "Wright, FL",
  "woodward": "Woodward, FL",
  "woods": "Woods, FL",
  "woodmere": "Woodmere, FL",
  "woodhaven": "Woodhaven, FL",
  "winter-springs": "Winter Springs, FL",
  "winter-park": "Winter Park, FL",
  "winter-haven": "Winter Haven, FL",
  "winston": "Winston, FL",
  "winfield": "Winfield, FL",
  "wimauma": "Wimauma, FL",
  "wilton-manors": "Wilton Manors, FL",
  "wilson": "Wilson, FL",
  "willow-oak": "Willow Oak, FL",
  "williamsburg": "Williamsburg, FL",
  "wildwood": "Wildwood, FL",
  "wilcox": "Wilcox, FL",
  "whiteville": "Whiteville, FL",
  "whitehouse": "Whitehouse, FL",
  "white-pine": "White Pine, FL",
  "white-city": "White City, FL",
  "wetumpka": "Wetumpka, FL",
  "westwood-lakes": "Westwood Lakes, FL",
  "westwood": "Westwood, FL",
  "westwego": "Westwego, FL",
  "westview": "Westview, FL",
  "weston": "Weston, FL",
  "westminster": "Westminster, FL",
  "westgate": "Westgate, FL",
  "westchester": "Westchester, FL",
  "westchase": "Westchase, FL",
  "westbrook": "Westbrook, FL",
  "west-view": "West View, FL",
  "west-vero-corridor": "West Vero Corridor, FL",
  "west-samoset": "West Samoset, FL",
  "west-port": "West Port, FL",
  "west-perrine": "West Perrine, FL",
  "west-pensacola": "West Pensacola, FL",
  "west-park": "West Park, FL",
  "west-palm-beach": "West Palm Beach, FL",
  "west-miami": "West Miami, FL",
  "west-melbourne": "West Melbourne, FL",
  "west-little-river": "West Little River, FL",
  "west-lake": "West Lake, FL",
  "west-hollywood": "West Hollywood, FL",
  "west-hills": "West Hills, FL",
  "west-gate": "West Gate, FL",
  "wells": "Wells, FL",
  "wellington": "Wellington, FL",
  "welcome": "Welcome, FL",
  "wekiwa-springs": "Wekiwa Springs, FL",
  "wedgefield": "Wedgefield, FL",
  "weathersfield": "Weathersfield, FL",
  "waveland": "Waveland, FL",
  "wauchula": "Wauchula, FL",
  "waterford": "Waterford, FL",
  "waterbury": "Waterbury, FL",
  "warrington": "Warrington, FL",
  "warm-mineral-springs": "Warm Mineral Springs, FL",
  "ward": "Ward, FL",
  "walton": "Walton, FL",
  "wakulla": "Wakulla, FL",
  "wahneta": "Wahneta, FL",
  "wadesboro": "Wadesboro, FL",
  "volusia": "Volusia, FL",
  "villas": "Villas, FL",
  "vilas": "Vilas, FL",
  "viera-west": "Viera West, FL",
  "viera-east": "Viera East, FL",
  "victor": "Victor, FL",
  "vero-beach-south": "Vero Beach South, FL",
  "vero-beach": "Vero Beach, FL",
  "venice-gardens": "Venice Gardens, FL",
  "venice": "Venice, FL",
  "valrico": "Valrico, FL",
  "valparaiso": "Valparaiso, FL",
  "upper-grand-lagoon": "Upper Grand Lagoon, FL",
  "university-park": "University Park, FL",
  "university": "University, FL",
  "union-park": "Union Park, FL",
  "union": "Union, FL",
  "tyler": "Tyler, FL",
  "turtle-creek": "Turtle Creek, FL",
  "turner": "Turner, FL",
  "turkey-creek": "Turkey Creek, FL",
  "trinity": "Trinity, FL",
  "treasure-island": "Treasure Island, FL",
  "townsend": "Townsend, FL",
  "titusville": "Titusville, FL",
  "timberlane": "Timberlane, FL",
  "timber-pines": "Timber Pines, FL",
  "thousand-oaks": "Thousand Oaks, FL",
  "thonotosassa": "Thonotosassa, FL",
  "thompson": "Thompson, FL",
  "the-woodlands": "The Woodlands, FL",
  "the-villages": "The Villages, FL",
  "the-crossings": "The Crossings, FL",
  "the-acreage": "The Acreage, FL",
  "terrytown": "Terrytown, FL",
  "terrell": "Terrell, FL",
  "tequesta": "Tequesta, FL",
  "temple-hills": "Temple Hills, FL",
  "taylor": "Taylor, FL",
  "tavares": "Tavares, FL",
  "tarrytown": "Tarrytown, FL",
  "tampa": "Tampa, FL",
  "tamiami": "Tamiami, FL",
  "tamarac": "Tamarac, FL",
  "tallahassee": "Tallahassee, FL",
  "sylvania": "Sylvania, FL",
  "sycamore": "Sycamore, FL",
  "switzerland": "Switzerland, FL",
  "sweetwater": "Sweetwater, FL",
  "suwannee": "Suwannee, FL",
  "surfside": "Surfside, FL",
  "sunset": "Sunset, FL",
  "sunrise": "Sunrise, FL",
  "sunny-isles-beach": "Sunny Isles Beach, FL",
  "sun-valley": "Sun Valley, FL",
  "sun-lakes": "Sun Lakes, FL",
  "sun-city-center": "Sun City Center, FL",
  "sumner": "Sumner, FL",
  "sulphur-springs": "Sulphur Springs, FL",
  "sugarmill-woods": "Sugarmill Woods, FL",
  "sugarcreek": "Sugarcreek, FL",
  "sugar-creek": "Sugar Creek, FL",
  "stuart": "Stuart, FL",
  "strathmore": "Strathmore, FL",
  "stratford": "Stratford, FL",
  "stonegate": "Stonegate, FL",
  "stillwater": "Stillwater, FL",
  "stewart": "Stewart, FL",
  "sterling": "Sterling, FL",
  "starr": "Starr, FL",
  "starke": "Starke, FL",
  "stanton": "Stanton, FL",
  "springfield": "Springfield, FL",
  "spring-lake": "Spring Lake, FL",
  "southwest-ranches": "Southwest Ranches, FL",
  "southport": "Southport, FL",
  "southgate": "Southgate, FL",
  "southern-pines": "Southern Pines, FL",
  "southeast-arcadia": "Southeast Arcadia, FL",
  "southchase": "Southchase, FL",
  "south-venice": "South Venice, FL",
  "south-port": "South Port, FL",
  "south-patrick-shores": "South Patrick Shores, FL",
  "south-pasadena": "South Pasadena, FL",
  "south-miami-heights": "South Miami Heights, FL",
  "south-miami": "South Miami, FL",
  "south-highpoint": "South Highpoint, FL",
  "south-gate-ridge": "South Gate Ridge, FL",
  "south-daytona": "South Daytona, FL",
  "south-bradenton": "South Bradenton, FL",
  "south-bay": "South Bay, FL",
  "south-apopka": "South Apopka, FL",
  "somerset": "Somerset, FL",
  "smith": "Smith, FL",
  "sky-lake": "Sky Lake, FL",
  "silver-springs-shores": "Silver Springs Shores, FL",
  "silver-springs": "Silver Springs, FL",
  "siesta-key": "Siesta Key, FL",
  "shorewood": "Shorewood, FL",
  "shiloh": "Shiloh, FL",
  "sherman": "Sherman, FL",
  "sheridan": "Sheridan, FL",
  "shenandoah": "Shenandoah, FL",
  "shawnee": "Shawnee, FL",
  "shawano": "Shawano, FL",
  "shady-hollow": "Shady Hollow, FL",
  "shady-hills": "Shady Hills, FL",
  "seneca": "Seneca, FL",
  "seminole": "Seminole, FL",
  "seffner": "Seffner, FL",
  "sebring": "Sebring, FL",
  "sebastian": "Sebastian, FL",
  "scotland": "Scotland, FL",
  "schley": "Schley, FL",
  "saybrook": "Saybrook, FL",
  "saunders": "Saunders, FL",
  "satsuma": "Satsuma, FL",
  "satellite-beach": "Satellite Beach, FL",
  "saratoga": "Saratoga, FL",
  "sarasota-springs": "Sarasota Springs, FL",
  "sarasota": "Sarasota, FL",
  "santa-maria": "Santa Maria, FL",
  "santa-fe": "Santa Fe, FL",
  "santa-clara": "Santa Clara, FL",
  "sans-souci": "Sans Souci, FL",
  "sanibel": "Sanibel, FL",
  "sanford": "Sanford, FL",
  "sandy": "Sandy, FL",
  "san-pablo": "San Pablo, FL",
  "san-mateo": "San Mateo, FL",
  "san-jose": "San Jose, FL",
  "san-carlos-park": "San Carlos Park, FL",
  "san-antonio": "San Antonio, TX",
  "sampson": "Sampson, FL",
  "salem": "Salem, FL",
  "safety-harbor": "Safety Harbor, FL",
  "rye": "Rye, FL",
  "rutland": "Rutland, FL",
  "russell": "Russell, FL",
  "ruskin": "Ruskin, FL",
  "royal-palm-beach": "Royal Palm Beach, FL",
  "roy": "Roy, FL",
  "rotonda": "Rotonda, FL",
  "roslyn-heights": "Roslyn Heights, FL",
  "rose": "Rose, FL",
  "rolling-meadows": "Rolling Meadows, FL",
  "rocky-point": "Rocky Point, FL",
  "rocksprings": "Rocksprings, FL",
  "rockledge": "Rockledge, FL",
  "rockdale": "Rockdale, FL",
  "rock-island": "Rock Island, FL",
  "rock": "Rock, FL",
  "rochelle": "Rochelle, FL",
  "roberts": "Roberts, FL",
  "roanoke": "Roanoke, FL",
  "riviera": "Riviera, FL",
  "riverview": "Riverview, FL",
  "riverside": "Riverside, FL",
  "riveredge": "Riveredge, FL",
  "river-park": "River Park, FL",
  "river-oaks": "River Oaks, FL",
  "river-forest": "River Forest, FL",
  "rio-vista": "Rio Vista, FL",
  "ridgewood": "Ridgewood, FL",
  "richmond-west": "Richmond West, FL",
  "richmond-heights": "Richmond Heights, FL",
  "richland": "Richland, FL",
  "redland": "Redland, FL",
  "ray": "Ray, FL",
  "rainbow-lakes-estates": "Rainbow Lakes Estates, FL",
  "quincy": "Quincy, FL",
  "punta-gorda": "Punta Gorda, FL",
  "providence": "Providence, FL",
  "prospect-heights": "Prospect Heights, FL",
  "progress-village": "Progress Village, FL",
  "progreso": "Progreso, FL",
  "princeton": "Princeton, FL",
  "powell": "Powell, FL",
  "portland": "Portland, FL",
  "port-salerno": "Port Salerno, FL",
  "port-royal": "Port Royal, FL",
  "port-labelle": "Port Labelle, FL",
  "pompano-beach": "Pompano Beach, FL",
  "poinciana": "Poinciana, FL",
  "plymouth": "Plymouth, FL",
  "plantation": "Plantation, FL",
  "plains": "Plains, FL",
  "plainfield": "Plainfield, FL",
  "pittsburg": "Pittsburg, FL",
  "pinewood": "Pinewood, FL",
  "pineville": "Pineville, FL",
  "pinellas-park": "Pinellas Park, FL",
  "pinehurst": "Pinehurst, FL",
  "pinecrest": "Pinecrest, FL",
  "pine-ridge": "Pine Ridge, FL",
  "pine-castle": "Pine Castle, FL",
  "pine-bluff": "Pine Bluff, FL",
  "pierce": "Pierce, FL",
  "piedmont": "Piedmont, FL",
  "phillips": "Phillips, FL",
  "peters": "Peters, FL",
  "peru": "Peru, FL",
  "perry": "Perry, FL",
  "perkins": "Perkins, FL",
  "pensacola": "Pensacola, FL",
  "pembroke-pines": "Pembroke Pines, FL",
  "pembroke-park": "Pembroke Park, FL",
  "pembroke": "Pembroke, FL",
  "pelican-bay": "Pelican Bay, FL",
  "pebble-creek": "Pebble Creek, FL",
  "pasco": "Pasco, FL",
  "pasadena-hills": "Pasadena Hills, FL",
  "parkland": "Parkland, FL",
  "park-forest": "Park Forest, FL",
  "park-city": "Park City, FL",
  "paradise": "Paradise, FL",
  "panama-city-beach": "Panama City Beach, FL",
  "panama-city": "Panama City, FL",
  "palmetto-estates": "Palmetto Estates, FL",
  "palmetto-bay": "Palmetto Bay, FL",
  "palmetto": "Palmetto, FL",
  "palmdale": "Palmdale, FL",
  "palm-view": "Palm View, FL",
  "palm-valley": "Palm Valley, FL",
  "palm-springs-north": "Palm Springs North, FL",
  "palm-city": "Palm City, FL",
  "palm-beach-gardens": "Palm Beach Gardens, FL",
  "palm-beach": "Palm Beach, FL",
  "palm-bay": "Palm Bay, FL",
  "palatka": "Palatka, FL",
  "pahokee": "Pahokee, FL",
  "pace": "Pace, FL",
  "oxford": "Oxford, FL",
  "oviedo": "Oviedo, FL",
  "overton": "Overton, FL",
  "otter-creek": "Otter Creek, FL",
  "osprey": "Osprey, FL",
  "osceola": "Osceola, FL",
  "ormond-beach": "Ormond Beach, FL",
  "orlovista": "Orlovista, FL",
  "orlando": "Orlando, FL",
  "orange-park": "Orange Park, FL",
  "orange-lake": "Orange Lake, FL",
  "orange-city": "Orange City, FL",
  "orange": "Orange, FL",
  "olympia-heights": "Olympia Heights, FL",
  "olive": "Olive, FL",
  "oldsmar": "Oldsmar, FL",
  "okeechobee": "Okeechobee, FL",
  "ojus": "Ojus, FL",
  "odessa": "Odessa, FL",
  "ocoee": "Ocoee, FL",
  "ocean-city": "Ocean City, FL",
  "ocala": "Ocala, FL",
  "oakridge": "Oakridge, FL",
  "oakleaf-plantation": "Oakleaf Plantation, FL",
  "oakland-park": "Oakland Park, FL",
  "oak-ridge": "Oak Ridge, FL",
  "oak-park": "Oak Park, FL",
  "oak-mont": "Oak Mont, FL",
  "oak-harbor": "Oak Harbor, FL",
  "oak-forest": "Oak Forest, FL",
  "ohara": "Ohara, FL",
  "obrien": "Obrien, FL",
  "norwood": "Norwood, FL",
  "norwalk": "Norwalk, FL",
  "northdale": "Northdale, FL",
  "north-weeki-wachee": "North Weeki Wachee, FL",
  "north-sarasota": "North Sarasota, FL",
  "north-palm-beach": "North Palm Beach, FL",
  "north-miami": "North Miami, FL",
  "north-fort-myers": "North Fort Myers, FL",
  "north-bay-village": "North Bay Village, FL",
  "normandy": "Normandy, FL",
  "norman": "Norman, FL",
  "niles": "Niles, FL",
  "niceville": "Niceville, FL",
  "newport": "Newport, FL",
  "newcastle": "Newcastle, FL",
  "newberry": "Newberry, FL",
  "new-river": "New River, FL",
  "new-port-richey-east": "New Port Richey East, FL",
  "new-port-richey": "New Port Richey, FL",
  "neptune-beach": "Neptune Beach, FL",
  "navarre": "Navarre, FL",
  "nash": "Nash, FL",
  "naranja": "Naranja, FL",
  "naples-park": "Naples Park, FL",
  "naples-manor": "Naples Manor, FL",
  "naples": "Naples, FL",
  "myrtle-grove": "Myrtle Grove, FL",
  "muscogee": "Muscogee, FL",
  "murray": "Murray, FL",
  "mount-pleasant": "Mount Pleasant, FL",
  "mount-olive": "Mount Olive, FL",
  "mount-dora": "Mount Dora, FL",
  "moultrie": "Moultrie, FL",
  "moss-bluff": "Moss Bluff, FL",
  "morgantown": "Morgantown, FL",
  "montgomery": "Montgomery, AL",
  "montclair": "Montclair, FL",
  "montague": "Montague, FL",
  "monroe": "Monroe, FL",
  "miramar-beach": "Miramar Beach, FL",
  "miramar": "Miramar, FL",
  "mira-mar": "Mira Mar, FL",
  "minneola": "Minneola, FL",
  "mims": "Mims, FL",
  "milton": "Milton, FL",
  "mills": "Mills, FL",
  "miller": "Miller, FL",
  "miles-city": "Miles City, FL",
  "midway": "Midway, FL",
  "middletown": "Middletown, FL",
  "middleburg": "Middleburg, FL",
  "micco": "Micco, FL",
  "miami-springs": "Miami Springs, FL",
  "miami-shores": "Miami Shores, FL",
  "miami-gardens": "Miami Gardens, FL",
  "miami": "Miami, FL",
  "merritt-island": "Merritt Island, FL",
  "merrimac": "Merrimac, FL",
  "mercer": "Mercer, FL",
  "memphis": "Memphis, TN",
  "melrose-park": "Melrose Park, FL",
  "melrose": "Melrose, FL",
  "melbourne": "Melbourne, FL",
  "medulla": "Medulla, FL",
  "meadow-woods": "Meadow Woods, FL",
  "mcpherson": "Mcpherson, FL",
  "mcgregor": "Mcgregor, FL",
  "mcdonald": "Mcdonald, FL",
  "mason": "Mason, FL",
  "mascotte": "Mascotte, FL",
  "martin": "Martin, FL",
  "marquette": "Marquette, FL",
  "marion-oaks": "Marion Oaks, FL",
  "marion": "Marion, FL",
  "marianna": "Marianna, FL",
  "margate": "Margate, FL",
  "margaretta": "Margaretta, FL",
  "marcy": "Marcy, FL",
  "marco-island": "Marco Island, FL",
  "marathon": "Marathon, FL",
  "maplewood": "Maplewood, FL",
  "manhattan-beach": "Manhattan Beach, FL",
  "manhattan": "Manhattan, FL",
  "mango": "Mango, FL",
  "manatee": "Manatee, FL",
  "maitland": "Maitland, FL",
  "madison-park": "Madison Park, FL",
  "madison": "Madison, FL",
  "macon": "Macon, GA",
  "macclenny": "Macclenny, FL",
  "lyons": "Lyons, FL",
  "lynwood": "Lynwood, FL",
  "lynn": "Lynn, FL",
  "lynchburg": "Lynchburg, FL",
  "lutz": "Lutz, FL",
  "lumberton": "Lumberton, FL",
  "louisa": "Louisa, FL",
  "longwood": "Longwood, FL",
  "longboat-key": "Longboat Key, FL",
  "lockhart": "Lockhart, FL",
  "livingston": "Livingston, FL",
  "live-oak": "Live Oak, FL",
  "little-river": "Little River, FL",
  "lincoln-park": "Lincoln Park, FL",
  "lincoln": "Lincoln, FL",
  "lighthouse-point": "Lighthouse Point, FL",
  "liberty": "Liberty, FL",
  "lewis": "Lewis, FL",
  "leonia": "Leonia, FL",
  "leon": "Leon, FL",
  "leisure-city": "Leisure City, FL",
  "leesburg": "Leesburg, FL",
  "lecanto": "Lecanto, FL",
  "lealman": "Lealman, FL",
  "lawrence": "Lawrence, FL",
  "laurel-hill": "Laurel Hill, FL",
  "laurel": "Laurel, FL",
  "lauderhill": "Lauderhill, FL",
  "lauderdale-lakes": "Lauderdale Lakes, FL",
  "largo": "Largo, FL",
  "larchmont": "Larchmont, FL",
  "lantana": "Lantana, FL",
  "lansing": "Lansing, FL",
  "lancaster": "Lancaster, FL",
  "lamb": "Lamb, FL",
  "lakewood-park": "Lakewood Park, FL",
  "lakewood": "Lakewood, FL",
  "lakeville": "Lakeville, FL",
  "lakeside": "Lakeside, FL",
  "lakeland-highlands": "Lakeland Highlands, FL",
  "lakeland": "Lakeland, FL",
  "lake-worth": "Lake Worth, FL",
  "lake-wales": "Lake Wales, FL",
  "lake-ridge": "Lake Ridge, FL",
  "lake-placid": "Lake Placid, FL",
  "lake-magdalene": "Lake Magdalene, FL",
  "lake-lorraine": "Lake Lorraine, FL",
  "lake-geneva": "Lake Geneva, FL",
  "lake-forest": "Lake Forest, FL",
  "lake-charles": "Lake Charles, FL",
  "lake-butler": "Lake Butler, FL",
  "lake-alfred": "Lake Alfred, FL",
  "laguna-beach": "Laguna Beach, FL",
  "lago-vista": "Lago Vista, FL",
  "lafayette": "Lafayette, FL",
  "lackawanna": "Lackawanna, FL",
  "la-grange": "La Grange, FL",
  "la-crosse": "La Crosse, FL",
  "kissimmee": "Kissimmee, FL",
  "kirkwood": "Kirkwood, FL",
  "kingsland": "Kingsland, FL",
  "kingsford": "Kingsford, FL",
  "kings-point": "Kings Point, FL",
  "kings": "Kings, FL",
  "kilgore": "Kilgore, FL",
  "keystone-heights": "Keystone Heights, FL",
  "keystone": "Keystone, FL",
  "key-largo": "Key Largo, FL",
  "key-biscayne": "Key Biscayne, FL",
  "kern": "Kern, FL",
  "kent": "Kent, FL",
  "kenneth-city": "Kenneth City, FL",
  "kendall-west": "Kendall West, FL",
  "kendall": "Kendall, FL",
  "kathleen": "Kathleen, FL",
  "kalamazoo": "Kalamazoo, FL",
  "jupiter": "Jupiter, FL",
  "jones": "Jones, FL",
  "johnstown": "Johnstown, FL",
  "johnson": "Johnson, FL",
  "jessamine": "Jessamine, FL",
  "jerome": "Jerome, FL",
  "jensen-beach": "Jensen Beach, FL",
  "jenkins": "Jenkins, FL",
  "jasmine-estates": "Jasmine Estates, FL",
  "jamestown": "Jamestown, FL",
  "jacksonville-beach": "Jacksonville Beach, FL",
  "jacksonville": "Jacksonville, FL",
  "ives-estates": "Ives Estates, FL",
  "islamorada": "Islamorada, FL",
  "iowa-city": "Iowa City, FL",
  "iona": "Iona, FL",
  "inwood": "Inwood, FL",
  "inverness-highlands-south": "Inverness Highlands South, FL",
  "inverness": "Inverness, FL",
  "indiantown": "Indiantown, FL",
  "indianola": "Indianola, FL",
  "indian-river-estates": "Indian River Estates, FL",
  "indian-hills": "Indian Hills, FL",
  "indian-harbour-beach": "Indian Harbour Beach, FL",
  "immokalee": "Immokalee, FL",
  "ida": "Ida, FL",
  "hyde-park": "Hyde Park, FL",
  "hutchinson-island-south": "Hutchinson Island South, FL",
  "huntington-woods": "Huntington Woods, FL",
  "huntington": "Huntington, FL",
  "hunters-creek": "Hunters Creek, FL",
  "hull": "Hull, FL",
  "hudson": "Hudson, FL",
  "howard": "Howard, FL",
  "houston": "Houston, TX",
  "horizon-west": "Horizon West, FL",
  "hopewell": "Hopewell, FL",
  "hooper": "Hooper, FL",
  "homosassa-springs": "Homosassa Springs, FL",
  "homestead": "Homestead, FL",
  "homeland-park": "Homeland Park, FL",
  "holt": "Holt, FL",
  "hollywood": "Hollywood, FL",
  "holly-hill": "Holly Hill, FL",
  "hollister": "Hollister, FL",
  "holland": "Holland, FL",
  "holiday": "Holiday, FL",
  "holden": "Holden, FL",
  "hobe-sound": "Hobe Sound, FL",
  "hillside": "Hillside, FL",
  "hillcrest-heights": "Hillcrest Heights, FL",
  "hillcrest": "Hillcrest, FL",
  "hill-crest": "Hill Crest, FL",
  "highlands": "Highlands, FL",
  "highland-park": "Highland Park, FL",
  "highland-heights": "Highland Heights, FL",
  "highland-city": "Highland City, FL",
  "highland": "Highland, FL",
  "high-springs": "High Springs, FL",
  "hidden-valley": "Hidden Valley, FL",
  "hialeah-gardens": "Hialeah Gardens, FL",
  "hialeah": "Hialeah, FL",
  "hernando": "Hernando, FL",
  "henrietta": "Henrietta, FL",
  "henderson": "Henderson, FL",
  "heathrow": "Heathrow, FL",
  "hazard": "Hazard, FL",
  "harvard": "Harvard, FL",
  "harrison": "Harrison, FL",
  "harrisburg": "Harrisburg, FL",
  "harris": "Harris, FL",
  "harper": "Harper, FL",
  "harney": "Harney, FL",
  "happy-valley": "Happy Valley, FL",
  "hanson": "Hanson, FL",
  "hamburg": "Hamburg, FL",
  "half-moon": "Half Moon, FL",
  "gulfport": "Gulfport, FL",
  "gulf-gate-estates": "Gulf Gate Estates, FL",
  "gulf-breeze": "Gulf Breeze, FL",
  "guilford": "Guilford, FL",
  "groveland": "Groveland, FL",
  "grove-city": "Grove City, FL",
  "greenwood": "Greenwood, FL",
  "greentree": "Greentree, FL",
  "greenfield": "Greenfield, FL",
  "green-cove-springs": "Green Cove Springs, FL",
  "green-acres": "Green Acres, FL",
  "grant": "Grant, FL",
  "grand-island": "Grand Island, FL",
  "graham": "Graham, FL",
  "grady": "Grady, FL",
  "goulds": "Goulds, FL",
  "gordon": "Gordon, FL",
  "gonzalez": "Gonzalez, FL",
  "gonzales": "Gonzales, FL",
  "goldenrod": "Goldenrod, FL",
  "golden-hills": "Golden Hills, FL",
  "golden-glades": "Golden Glades, FL",
  "golden-gate": "Golden Gate, FL",
  "glenvar-heights": "Glenvar Heights, FL",
  "glen-ridge": "Glen Ridge, FL",
  "gladeview": "Gladeview, FL",
  "gillette": "Gillette, FL",
  "gilchrist": "Gilchrist, FL",
  "gilberts": "Gilberts, FL",
  "gifford": "Gifford, FL",
  "gibsonton": "Gibsonton, FL",
  "gibson": "Gibson, FL",
  "georgetown": "Georgetown, FL",
  "genoa": "Genoa, FL",
  "gateway": "Gateway, FL",
  "gary": "Gary, FL",
  "garden-grove": "Garden Grove, FL",
  "garden-city": "Garden City, FL",
  "garden-acres": "Garden Acres, FL",
  "galloway": "Galloway, FL",
  "gainesville": "Gainesville, FL",
  "fussels-corner": "Fussels Corner, FL",
  "fulton": "Fulton, FL",
  "fuller-heights": "Fuller Heights, FL",
  "fruitville": "Fruitville, FL",
  "fruitland-park": "Fruitland Park, FL",
  "fruitland": "Fruitland, FL",
  "fruita": "Fruita, FL",
  "fruit-cove": "Fruit Cove, FL",
  "franklintown": "Franklintown, FL",
  "franklin-park": "Franklin Park, FL",
  "four-corners": "Four Corners, FL",
  "fountainebleau": "Fountainebleau, FL",
  "fountain": "Fountain, FL",
  "fortuna": "Fortuna, FL",
  "fort-pierce-south": "Fort Pierce South, FL",
  "fort-pierce-north": "Fort Pierce North, FL",
  "fort-pierce": "Fort Pierce, FL",
  "fort-myers-shores": "Fort Myers Shores, FL",
  "fort-myers-beach": "Fort Myers Beach, FL",
  "fort-myers": "Fort Myers, FL",
  "fort-meade": "Fort Meade, FL",
  "fort-lauderdale": "Fort Lauderdale, FL",
  "fort-drum": "Fort Drum, FL",
  "forest-grove": "Forest Grove, FL",
  "foley": "Foley, FL",
  "florida-ridge": "Florida Ridge, FL",
  "florida-city": "Florida City, FL",
  "flores": "Flores, FL",
  "florence": "Florence, FL",
  "floral-city": "Floral City, FL",
  "fleming-island": "Fleming Island, FL",
  "flagler-beach": "Flagler Beach, FL",
  "fishers": "Fishers, FL",
  "fish-hawk": "Fish Hawk, FL",
  "festus": "Festus, FL",
  "ferry-pass": "Ferry Pass, FL",
  "fernandina-beach": "Fernandina Beach, FL",
  "fern-park": "Fern Park, FL",
  "fellsmere": "Fellsmere, FL",
  "farmington": "Farmington, FL",
  "falmouth": "Falmouth, FL",
  "fairview-shores": "Fairview Shores, FL",
  "fairview": "Fairview, FL",
  "fairlawn": "Fairlawn, FL",
  "fairfield": "Fairfield, FL",
  "fairburn": "Fairburn, FL",
  "eustis": "Eustis, FL",
  "estero": "Estero, FL",
  "espanola": "Espanola, FL",
  "erie": "Erie, PA",
  "ensley": "Ensley, FL",
  "englewood": "Englewood, FL",
  "emporia": "Emporia, FL",
  "ellsworth": "Ellsworth, FL",
  "ellis": "Ellis, FL",
  "elizabeth": "Elizabeth, FL",
  "elfers": "Elfers, FL",
  "eldorado": "Eldorado, FL",
  "edwards": "Edwards, FL",
  "edison": "Edison, FL",
  "edgewater-park": "Edgewater Park, FL",
  "edgewater": "Edgewater, FL",
  "edgar": "Edgar, FL",
  "eden": "Eden, FL",
  "eddy": "Eddy, FL",
  "eastwood": "Eastwood, FL",
  "east-milton": "East Milton, FL",
  "east-lake": "East Lake, FL",
  "east-bay": "East Bay, FL",
  "early": "Early, FL",
  "duval": "Duval, FL",
  "durant": "Durant, FL",
  "durango": "Durango, FL",
  "dunn": "Dunn, FL",
  "dunedin": "Dunedin, FL",
  "dumont": "Dumont, FL",
  "dukes": "Dukes, FL",
  "druid-hills": "Druid Hills, FL",
  "drew": "Drew, FL",
  "dorchester": "Dorchester, FL",
  "doral": "Doral, FL",
  "doctor-phillips": "Doctor Phillips, FL",
  "dixon": "Dixon, FL",
  "dixie": "Dixie, FL",
  "dickey": "Dickey, FL",
  "destin": "Destin, FL",
  "denver": "Denver, FL",
  "deltona": "Deltona, FL",
  "delta": "Delta, FL",
  "dellwood": "Dellwood, FL",
  "deland": "Deland, FL",
  "del-rio": "Del Rio, FL",
  "defuniak-springs": "Defuniak Springs, FL",
  "deerfield-beach": "Deerfield Beach, FL",
  "deer-park": "Deer Park, FL",
  "debary": "Debary, FL",
  "daytona-beach": "Daytona Beach, FL",
  "davis": "Davis, FL",
  "davie": "Davie, FL",
  "darlington": "Darlington, FL",
  "darby": "Darby, FL",
  "danville": "Danville, FL",
  "dallas": "Dallas, TX",
  "dade-city": "Dade City, FL",
  "cypress-lake": "Cypress Lake, FL",
  "cypress-gardens": "Cypress Gardens, FL",
  "cunningham": "Cunningham, FL",
  "cross-creek": "Cross Creek, FL",
  "crestview": "Crestview, FL",
  "crest-view": "Crest View, FL",
  "crescent-city": "Crescent City, FL",
  "crawford": "Crawford, FL",
  "covington": "Covington, FL",
  "coventry": "Coventry, FL",
  "courtland": "Courtland, FL",
  "country-walk": "Country Walk, FL",
  "coral-terrace": "Coral Terrace, FL",
  "coral-hills": "Coral Hills, FL",
  "cook": "Cook, FL",
  "conway": "Conway, FL",
  "connersville": "Connersville, FL",
  "concord": "Concord, FL",
  "combee-settlement": "Combee Settlement, FL",
  "columbia": "Columbia, SC",
  "colonial-heights": "Colonial Heights, FL",
  "collins": "Collins, FL",
  "college-park": "College Park, FL",
  "cole": "Cole, FL",
  "coconut-creek": "Coconut Creek, FL",
  "cocoa-west": "Cocoa West, FL",
  "cocoa-beach": "Cocoa Beach, FL",
  "cocoa": "Cocoa, FL",
  "clinch": "Clinch, FL",
  "clifton-park": "Clifton Park, FL",
  "clewiston": "Clewiston, FL",
  "clermont": "Clermont, FL",
  "clearwater": "Clearwater, FL",
  "clayton": "Clayton, FL",
  "clark": "Clark, FL",
  "citrus-park": "Citrus Park, FL",
  "citrus-hills": "Citrus Hills, FL",
  "chula-vista": "Chula Vista, FL",
  "choctaw": "Choctaw, FL",
  "cheval": "Cheval, FL",
  "chester": "Chester, FL",
  "cherry-hill": "Cherry Hill, FL",
  "chatham": "Chatham, FL",
  "chapel-hill": "Chapel Hill, FL",
  "cerrogordo": "Cerrogordo, FL",
  "centralia": "Centralia, FL",
  "central-city": "Central City, FL",
  "celebration": "Celebration, FL",
  "cedar-hills": "Cedar Hills, FL",
  "cedar-grove": "Cedar Grove, FL",
  "cedar-creek": "Cedar Creek, FL",
  "catawba": "Catawba, FL",
  "cassia": "Cassia, FL",
  "casselberry": "Casselberry, FL",
  "casey": "Casey, FL",
  "carver": "Carver, FL",
  "carrollwood": "Carrollwood, FL",
  "carrollton": "Carrollton, FL",
  "carlton": "Carlton, FL",
  "cape-coral": "Cape Coral, FL",
  "cape-canaveral": "Cape Canaveral, FL",
  "canterbury": "Canterbury, FL",
  "candler": "Candler, FL",
  "campton": "Campton, FL",
  "callaway": "Callaway, FL",
  "cairo": "Cairo, FL",
  "cadillac": "Cadillac, FL",
  "buffalo": "Buffalo, NY",
  "buenaventura-lakes": "Buenaventura Lakes, FL",
  "buena-vista": "Buena Vista, FL",
  "buchanan": "Buchanan, FL",
  "bruce": "Bruce, FL",
  "brownville": "Brownville, FL",
  "brownsville": "Brownsville, FL",
  "brown": "Brown, FL",
  "brooksville": "Brooksville, FL",
  "brookside": "Brookside, FL",
  "brookshire": "Brookshire, FL",
  "brooklyn": "Brooklyn, FL",
  "broadway": "Broadway, FL",
  "broadwater": "Broadwater, FL",
  "broadview-park": "Broadview Park, FL",
  "brighton": "Brighton, FL",
  "bridgeport": "Bridgeport, FL",
  "brent": "Brent, FL",
  "brandon": "Brandon, FL",
  "bradford": "Bradford, FL",
  "bradenton": "Bradenton, FL",
  "boynton-beach": "Boynton Beach, FL",
  "boyd": "Boyd, FL",
  "bonita": "Bonita, FL",
  "bon-air": "Bon Air, FL",
  "boaz": "Boaz, FL",
  "boardman": "Boardman, FL",
  "bluefield": "Bluefield, FL",
  "blue-springs": "Blue Springs, FL",
  "bloomingdale": "Bloomingdale, FL",
  "bland": "Bland, FL",
  "bithlo": "Bithlo, FL",
  "bingham": "Bingham, FL",
  "big-pine-key": "Big Pine Key, FL",
  "bethlehem": "Bethlehem, FL",
  "bethel": "Bethel, FL",
  "bethany": "Bethany, FL",
  "berkeley": "Berkeley, FL",
  "benson": "Benson, FL",
  "belvedere-park": "Belvedere Park, FL",
  "belmont": "Belmont, FL",
  "bellwood": "Bellwood, FL",
  "bellview": "Bellview, FL",
  "belle-isle": "Belle Isle, FL",
  "belle-glade": "Belle Glade, FL",
  "bee-ridge": "Bee Ridge, FL",
  "becker": "Becker, FL",
  "beaver-creek": "Beaver Creek, FL",
  "beacon-square": "Beacon Square, FL",
  "beach-park": "Beach Park, FL",
  "baywood": "Baywood, FL",
  "bayshore-gardens": "Bayshore Gardens, FL",
  "bayshore": "Bayshore, FL",
  "bayonet-point": "Bayonet Point, FL",
  "bay-point": "Bay Point, FL",
  "bay-harbor-islands": "Bay Harbor Islands, FL",
  "bay-city": "Bay City, FL",
  "baxter": "Baxter, FL",
  "bates": "Bates, FL",
  "bartow": "Bartow, FL",
  "barrington": "Barrington, FL",
  "barnhart": "Barnhart, FL",
  "banks": "Banks, FL",
  "ball": "Ball, FL",
  "baker": "Baker, FL",
  "bailey": "Bailey, FL",
  "azalea-park": "Azalea Park, FL",
  "avon-park": "Avon Park, FL",
  "aventura": "Aventura, FL",
  "aurora": "Aurora, FL",
  "audubon": "Audubon, FL",
  "auburndale": "Auburndale, FL",
  "auburn": "Auburn, FL",
  "atlantic-beach": "Atlantic Beach, FL",
  "ashville": "Ashville, FL",
  "asbury-park": "Asbury Park, FL",
  "asbury-lake": "Asbury Lake, FL",
  "armstrong": "Armstrong, FL",
  "arlington": "Arlington, TX",
  "arcadia": "Arcadia, FL",
  "apopka": "Apopka, FL",
  "apollo-beach": "Apollo Beach, FL",
  "antioch": "Antioch, FL",
  "andrew": "Andrew, FL",
  "andover": "Andover, FL",
  "amelia": "Amelia, FL",
  "alton": "Alton, FL",
  "altamonte-springs": "Altamonte Springs, FL",
  "alpine": "Alpine, FL",
  "alliance": "Alliance, FL",
  "allendale": "Allendale, FL",
  "albion": "Albion, FL",
  "alameda": "Alameda, FL",
  "alafaya": "Alafaya, FL",
  "alachua": "Alachua, FL",
  "adams": "Adams, FL",
  "aberdeen": "Aberdeen, FL",
  "austin": "Austin, TX",
  "fort-worth": "Fort Worth, TX",
  "el-paso": "El Paso, TX",
  "corpus-christi": "Corpus Christi, TX",
  "plano": "Plano, TX",
  "lubbock": "Lubbock, TX",
  "new-york-city": "New York City, NY",
  "rochester": "Rochester, NY",
  "yonkers": "Yonkers, NY",
  "syracuse": "Syracuse, NY",
  "albany": "Albany, NY",
  "new-rochelle": "New Rochelle, NY",
  "philadelphia": "Philadelphia, PA",
  "pittsburgh": "Pittsburgh, PA",
  "allentown": "Allentown, PA",
  "reading": "Reading, PA",
  "columbus": "Columbus, OH",
  "cleveland": "Cleveland, OH",
  "cincinnati": "Cincinnati, OH",
  "toledo": "Toledo, OH",
  "akron": "Akron, OH",
  "dayton": "Dayton, OH"
}